{
    "metrics": {
        "http_req_tls_handshaking": {
            "p(95)": 0,
            "avg": 0,
            "min": 0,
            "med": 0,
            "max": 0,
            "p(90)": 0
        },
        "http_req_receiving": {
            "min": 0.006,
            "med": 0.044,
            "max": 1.011,
            "p(90)": 0.075,
            "p(95)": 0.087,
            "avg": 0.04595441367589681
        },
        "http_req_duration": {
            "avg": 36.2518300509847,
            "min": 0.631,
            "med": 42.495,
            "max": 311.554,
            "p(90)": 79.30900000000001,
            "p(95)": 87.2687,
            "thresholds": {
                "p(95)<3000": false,
                "p(99)<5000": false
            }
        },
        "http_req_blocked": {
            "avg": 0.007649405178446624,
            "min": 0,
            "med": 0.006,
            "max": 1.981,
            "p(90)": 0.009,
            "p(95)": 0.009
        },
        "data_received": {
            "count": 3485302,
            "rate": 31659.03868033234
        },
        "iteration_duration": {
            "avg": 137.55799525402367,
            "min": 101.087167,
            "med": 143.834625,
            "max": 413.441333,
            "p(90)": 180.69055840000001,
            "p(95)": 188.8240961
        },
        "http_req_failed": {
            "passes": 0,
            "fails": 10003,
            "thresholds": {
                "rate<0.15": false
            },
            "value": 0
        },
        "vus": {
            "value": 1,
            "min": 1,
            "max": 20
        },
        "data_sent": {
            "count": 10763960,
            "rate": 97775.35088596343
        },
        "iterations": {
            "count": 10003,
            "rate": 90.86310567043097
        },
        "http_req_duration{expected_response:true}": {
            "avg": 36.2518300509847,
            "min": 0.631,
            "med": 42.495,
            "max": 311.554,
            "p(90)": 79.30900000000001,
            "p(95)": 87.2687
        },
        "http_req_sending": {
            "avg": 0.02640257922623127,
            "min": 0.002,
            "med": 0.024,
            "max": 1.899,
            "p(90)": 0.038,
            "p(95)": 0.044
        },
        "checks": {
            "passes": 20006,
            "fails": 0,
            "value": 1
        },
        "http_reqs": {
            "rate": 90.86310567043097,
            "count": 10003
        },
        "http_req_connecting": {
            "avg": 0.0012238328501449564,
            "min": 0,
            "med": 0,
            "max": 1.05,
            "p(90)": 0,
            "p(95)": 0
        },
        "vus_max": {
            "value": 20,
            "min": 20,
            "max": 20
        },
        "http_req_waiting": {
            "avg": 36.179473058082756,
            "min": 0.603,
            "med": 42.415,
            "max": 311.502,
            "p(90)": 79.1708,
            "p(95)": 87.1417
        }
    },
    "root_group": {
        "path": "",
        "id": "d41d8cd98f00b204e9800998ecf8427e",
        "groups": {},
        "checks": {
                "status is 200": {
                    "fails": 0,
                    "name": "status is 200",
                    "path": "::status is 200",
                    "id": "6210a8cd14cd70477eba5c5e4cb3fb5f",
                    "passes": 10003
                },
                "has groups": {
                    "name": "has groups",
                    "path": "::has groups",
                    "id": "44109811d8bac5c7b02b5b2466e9fa03",
                    "passes": 10003,
                    "fails": 0
                }
            },
        "name": ""
    }
}