{
    "metrics": {
        "http_req_duration": {
            "avg": 15.99441298635244,
            "min": 5.189,
            "med": 7.848,
            "max": 1447.622,
            "p(90)": 13.739600000000001,
            "p(95)": 21.168599999999998,
            "thresholds": {
                "p(95)<5000": false,
                "p(99)<10000": false
            }
        },
        "data_received": {
            "count": 3930416,
            "rate": 35724.61177410569
        },
        "http_req_failed": {
            "passes": 0,
            "fails": 11797,
            "thresholds": {
                "rate<0.20": false
            },
            "value": 0
        },
        "http_req_duration{expected_response:true}": {
            "max": 1447.622,
            "p(90)": 13.739600000000001,
            "p(95)": 21.168599999999998,
            "avg": 15.99441298635244,
            "min": 5.189,
            "med": 7.848
        },
        "vus_max": {
            "max": 20,
            "value": 20,
            "min": 20
        },
        "http_req_connecting": {
            "p(95)": 0,
            "avg": 0.0011165550563702635,
            "min": 0,
            "med": 0,
            "max": 1.433,
            "p(90)": 0
        },
        "http_req_receiving": {
            "min": 0.009,
            "med": 0.043,
            "max": 1.423,
            "p(90)": 0.067,
            "p(95)": 0.079,
            "avg": 0.04565525133508471
        },
        "vus": {
            "value": 1,
            "min": 1,
            "max": 20
        },
        "http_req_waiting": {
            "avg": 15.925966093074562,
            "min": 5.138,
            "med": 7.778,
            "max": 1447.537,
            "p(90)": 13.666200000000002,
            "p(95)": 21.07959999999997
        },
        "checks": {
            "passes": 11797,
            "fails": 0,
            "value": 1
        },
        "http_reqs": {
            "rate": 107.22611680268064,
            "count": 11797
        },
        "http_req_sending": {
            "avg": 0.022791641942866255,
            "min": 0.004,
            "med": 0.023,
            "max": 1.283,
            "p(90)": 0.033,
            "p(95)": 0.038
        },
        "iterations": {
            "rate": 107.22611680268064,
            "count": 11797
        },
        "http_req_blocked": {
            "avg": 0.0063334746121896605,
            "min": 0.001,
            "med": 0.005,
            "max": 1.49,
            "p(90)": 0.007,
            "p(95)": 0.008
        },
        "http_req_tls_handshaking": {
            "max": 0,
            "p(90)": 0,
            "p(95)": 0,
            "avg": 0,
            "min": 0,
            "med": 0
        },
        "data_sent": {
            "count": 6665233,
            "rate": 60582.10156608302
        },
        "iteration_duration": {
            "p(90)": 114.40366680000001,
            "p(95)": 121.5674586,
            "avg": 116.62226464660554,
            "min": 105.394958,
            "med": 108.527167,
            "max": 1548.407833
        }
    },
    "root_group": {
        "name": "",
        "path": "",
        "id": "d41d8cd98f00b204e9800998ecf8427e",
        "groups": {},
        "checks": {
                "status is 200": {
                    "name": "status is 200",
                    "path": "::status is 200",
                    "id": "6210a8cd14cd70477eba5c5e4cb3fb5f",
                    "passes": 11797,
                    "fails": 0
                }
            }
    }
}