{
    "metrics": {
        "http_req_sending": {
            "avg": 0.02622919264339039,
            "min": 0.003,
            "med": 0.019,
            "max": 1.564,
            "p(90)": 0.04,
            "p(95)": 0.051
        },
        "checks": {
            "passes": 25664,
            "fails": 0,
            "value": 1
        },
        "data_received": {
            "count": 4471532,
            "rate": 40620.535259180775
        },
        "vus": {
            "value": 1,
            "min": 1,
            "max": 20
        },
        "vus_max": {
            "value": 20,
            "min": 20,
            "max": 20
        },
        "http_req_receiving": {
            "med": 0.025,
            "max": 4.297,
            "p(90)": 0.064,
            "p(95)": 0.081,
            "avg": 0.03742697942643324,
            "min": 0.006
        },
        "http_req_waiting": {
            "max": 308.227,
            "p(90)": 7.992,
            "p(95)": 10.998749999999992,
            "avg": 6.337877727556098,
            "min": 1.018,
            "med": 4.187
        },
        "iterations": {
            "count": 12832,
            "rate": 116.56915536907881
        },
        "http_req_connecting": {
            "med": 0,
            "max": 1.27,
            "p(90)": 0,
            "p(95)": 0,
            "avg": 0.0012916147132169575,
            "min": 0
        },
        "http_reqs": {
            "count": 12832,
            "rate": 116.56915536907881
        },
        "data_sent": {
            "count": 13742038,
            "rate": 124836.17228099947
        },
        "http_req_tls_handshaking": {
            "avg": 0,
            "min": 0,
            "med": 0,
            "max": 0,
            "p(90)": 0,
            "p(95)": 0
        },
        "http_req_duration": {
            "p(95)": 11.069849999999992,
            "avg": 6.401533899625884,
            "min": 1.054,
            "med": 4.245,
            "max": 308.42,
            "p(90)": 8.052,
            "thresholds": {
                "p(95)<3000": false,
                "p(99)<5000": false
            }
        },
        "http_req_failed": {
            "passes": 0,
            "fails": 12832,
            "thresholds": {
                "rate<0.15": false
            },
            "value": 0
        },
        "http_req_blocked": {
            "med": 0.005,
            "max": 1.403,
            "p(90)": 0.009,
            "p(95)": 0.011,
            "avg": 0.007359336034912568,
            "min": 0.001
        },
        "iteration_duration": {
            "avg": 107.21147257567087,
            "min": 101.516917,
            "med": 105.1632495,
            "max": 409.955583,
            "p(90)": 108.7074164,
            "p(95)": 111.72622324999999
        },
        "http_req_duration{expected_response:true}": {
            "med": 4.245,
            "max": 308.42,
            "p(90)": 8.052,
            "p(95)": 11.069849999999992,
            "avg": 6.401533899625884,
            "min": 1.054
        }
    },
    "root_group": {
        "name": "",
        "path": "",
        "id": "d41d8cd98f00b204e9800998ecf8427e",
        "groups": {},
        "checks": {
                "status is 200": {
                    "name": "status is 200",
                    "path": "::status is 200",
                    "id": "6210a8cd14cd70477eba5c5e4cb3fb5f",
                    "passes": 12832,
                    "fails": 0
                },
                "has groups": {
                    "name": "has groups",
                    "path": "::has groups",
                    "id": "44109811d8bac5c7b02b5b2466e9fa03",
                    "passes": 12832,
                    "fails": 0
                }
            }
    }
}