{
    "metrics": {
        "http_req_duration": {
            "avg": 11.851617064623897,
            "min": 1.081,
            "med": 3.926,
            "max": 1968.679,
            "p(90)": 10.636,
            "p(95)": 16.215499999999995,
            "thresholds": {
                "p(95)<3000": false,
                "p(99)<5000": false
            }
        },
        "http_req_connecting": {
            "max": 1.2,
            "p(90)": 0,
            "p(95)": 0,
            "avg": 0.0008980523184744518,
            "min": 0,
            "med": 0
        },
        "http_req_receiving": {
            "avg": 0.03402607774427405,
            "min": 0.006,
            "med": 0.026,
            "max": 1.475,
            "p(90)": 0.06,
            "p(95)": 0.073
        },
        "data_sent": {
            "rate": 99635.47405339529,
            "count": 10961008
        },
        "http_req_waiting": {
            "avg": 11.797029418955217,
            "min": 1.043,
            "med": 3.868,
            "max": 1968.638,
            "p(90)": 10.584,
            "p(95)": 16.1705
        },
        "vus": {
            "min": 1,
            "max": 20,
            "value": 1
        },
        "http_req_tls_handshaking": {
            "p(95)": 0,
            "avg": 0,
            "min": 0,
            "med": 0,
            "max": 0,
            "p(90)": 0
        },
        "iterations": {
            "rate": 111.54329073651014,
            "count": 12271
        },
        "checks": {
            "passes": 24542,
            "fails": 0,
            "value": 1
        },
        "http_reqs": {
            "count": 12271,
            "rate": 111.54329073651014
        },
        "http_req_duration{expected_response:true}": {
            "p(95)": 16.215499999999995,
            "avg": 11.851617064623897,
            "min": 1.081,
            "med": 3.926,
            "max": 1968.679,
            "p(90)": 10.636
        },
        "data_received": {
            "rate": 38136.20660220838,
            "count": 4195406
        },
        "iteration_duration": {
            "med": 104.660083,
            "max": 2069.331083,
            "p(90)": 111.197792,
            "p(95)": 116.8281665,
            "avg": 112.48214216339353,
            "min": 101.326958
        },
        "vus_max": {
            "min": 20,
            "max": 20,
            "value": 20
        },
        "http_req_blocked": {
            "avg": 0.0060101051259067876,
            "min": 0,
            "med": 0.004,
            "max": 2.321,
            "p(90)": 0.008,
            "p(95)": 0.009
        },
        "http_req_failed": {
            "passes": 0,
            "fails": 12271,
            "thresholds": {
                "rate<0.15": false
            },
            "value": 0
        },
        "http_req_sending": {
            "avg": 0.02056156792437367,
            "min": 0.002,
            "med": 0.017,
            "max": 1.762,
            "p(90)": 0.034,
            "p(95)": 0.04
        }
    },
    "root_group": {
        "id": "d41d8cd98f00b204e9800998ecf8427e",
        "groups": {},
        "checks": {
                "status is 200": {
                    "name": "status is 200",
                    "path": "::status is 200",
                    "id": "6210a8cd14cd70477eba5c5e4cb3fb5f",
                    "passes": 12271,
                    "fails": 0
                },
                "has groups": {
                    "name": "has groups",
                    "path": "::has groups",
                    "id": "44109811d8bac5c7b02b5b2466e9fa03",
                    "passes": 12271,
                    "fails": 0
                }
            },
        "name": "",
        "path": ""
    }
}