{
    "root_group": {
        "checks": {
            "status is 200": {
                "passes": 11858,
                "fails": 0,
                "name": "status is 200",
                "path": "::status is 200",
                "id": "6210a8cd14cd70477eba5c5e4cb3fb5f"
            },
            "has groups": {
                "name": "has groups",
                "path": "::has groups",
                "id": "44109811d8bac5c7b02b5b2466e9fa03",
                "passes": 11858,
                "fails": 0
            }
        },
        "name": "",
        "path": "",
        "id": "d41d8cd98f00b204e9800998ecf8427e",
        "groups": {}
    },
    "metrics": {
        "data_received": {
            "count": 4054433,
            "rate": 36833.300899446
        },
        "http_req_duration": {
            "avg": 15.33931961544947,
            "min": 1.236,
            "med": 4.0954999999999995,
            "max": 3964.457,
            "p(90)": 11.842600000000001,
            "p(95)": 15.5423,
            "thresholds": {
                "p(95)<3000": false,
                "p(99)<5000": false
            }
        },
        "checks": {
            "passes": 23716,
            "fails": 0,
            "value": 1
        },
        "vus_max": {
            "min": 20,
            "max": 20,
            "value": 20
        },
        "vus": {
            "value": 1,
            "min": 1,
            "max": 20
        },
        "http_req_blocked": {
            "avg": 0.00640495867768617,
            "min": 0,
            "med": 0.005,
            "max": 2.238,
            "p(90)": 0.007,
            "p(95)": 0.009
        },
        "http_req_tls_handshaking": {
            "min": 0,
            "med": 0,
            "max": 0,
            "p(90)": 0,
            "p(95)": 0,
            "avg": 0
        },
        "iterations": {
            "count": 11858,
            "rate": 107.72635336818507
        },
        "data_sent": {
            "count": 10591141,
            "rate": 96217.32146553154
        },
        "http_req_receiving": {
            "min": 0.008,
            "med": 0.034,
            "max": 1.302,
            "p(90)": 0.056,
            "p(95)": 0.068,
            "avg": 0.034728875021082274
        },
        "http_req_waiting": {
            "p(95)": 15.482349999999995,
            "avg": 15.281750379490667,
            "min": 1.215,
            "med": 4.0355,
            "max": 3964.372,
            "p(90)": 11.8083
        },
        "http_reqs": {
            "count": 11858,
            "rate": 107.72635336818507
        },
        "http_req_duration{expected_response:true}": {
            "med": 4.0954999999999995,
            "max": 3964.457,
            "p(90)": 11.842600000000001,
            "p(95)": 15.5423,
            "avg": 15.33931961544947,
            "min": 1.236
        },
        "http_req_sending": {
            "med": 0.021,
            "max": 2.397,
            "p(90)": 0.033,
            "p(95)": 0.039,
            "avg": 0.022840360937763093,
            "min": 0.003
        },
        "http_req_connecting": {
            "avg": 0.0011157868105920053,
            "min": 0,
            "med": 0,
            "max": 0.966,
            "p(90)": 0,
            "p(95)": 0
        },
        "iteration_duration": {
            "p(95)": 116.29598929999999,
            "avg": 116.02558448178387,
            "min": 101.520375,
            "med": 104.90716699999999,
            "max": 4065.284542,
            "p(90)": 112.4321412
        },
        "http_req_failed": {
            "passes": 0,
            "fails": 11858,
            "thresholds": {
                "rate<0.15": false
            },
            "value": 0
        }
    }
}