{
    "root_group": {
        "path": "",
        "id": "d41d8cd98f00b204e9800998ecf8427e",
        "groups": {},
        "checks": {
                "status is 200": {
                    "passes": 12559,
                    "fails": 0,
                    "name": "status is 200",
                    "path": "::status is 200",
                    "id": "6210a8cd14cd70477eba5c5e4cb3fb5f"
                },
                "has groups": {
                    "path": "::has groups",
                    "id": "44109811d8bac5c7b02b5b2466e9fa03",
                    "passes": 12559,
                    "fails": 0,
                    "name": "has groups"
                }
            },
        "name": ""
    },
    "metrics": {
        "vus_max": {
            "value": 20,
            "min": 20,
            "max": 20
        },
        "http_req_connecting": {
            "avg": 0.0010843220001592485,
            "min": 0,
            "med": 0,
            "max": 1.009,
            "p(90)": 0,
            "p(95)": 0
        },
        "http_req_blocked": {
            "p(95)": 0.01,
            "avg": 0.006850784298112772,
            "min": 0.001,
            "med": 0.005,
            "max": 1.207,
            "p(90)": 0.008
        },
        "http_req_waiting": {
            "avg": 8.622053905565728,
            "min": 0.945,
            "med": 3.404,
            "max": 1620.964,
            "p(90)": 6.34,
            "p(95)": 8.870599999999996
        },
        "iterations": {
            "count": 12559,
            "rate": 114.11269362200086
        },
        "checks": {
            "fails": 0,
            "passes": 25118,
            "value": 1
        },
        "http_req_receiving": {
            "avg": 0.035169440242056677,
            "min": 0.007,
            "med": 0.028,
            "max": 2.567,
            "p(90)": 0.06,
            "p(95)": 0.072
        },
        "http_reqs": {
            "count": 12559,
            "rate": 114.11269362200086
        },
        "http_req_duration": {
            "avg": 8.682364758340627,
            "min": 1.018,
            "med": 3.47,
            "max": 1621.025,
            "p(90)": 6.3982,
            "p(95)": 8.932499999999997,
            "thresholds": {
                "p(95)<3000": false,
                "p(99)<5000": false
            }
        },
        "iteration_duration": {
            "avg": 109.55582403208895,
            "min": 101.58725,
            "med": 104.453875,
            "max": 1721.493416,
            "p(90)": 107.0819836,
            "p(95)": 109.5492381
        },
        "data_received": {
            "count": 4375889,
            "rate": 39759.89177330072
        },
        "vus": {
            "value": 1,
            "min": 1,
            "max": 20
        },
        "http_req_sending": {
            "med": 0.021,
            "max": 2.507,
            "p(90)": 0.038,
            "p(95)": 0.046,
            "avg": 0.025141412532843917,
            "min": 0.003
        },
        "data_sent": {
            "count": 13450774,
            "rate": 122215.46719012462
        },
        "http_req_failed": {
            "passes": 0,
            "fails": 12559,
            "thresholds": {
                "rate<0.15": false
            },
            "value": 0
        },
        "http_req_duration{expected_response:true}": {
            "max": 1621.025,
            "p(90)": 6.3982,
            "p(95)": 8.932499999999997,
            "avg": 8.682364758340627,
            "min": 1.018,
            "med": 3.47
        },
        "http_req_tls_handshaking": {
            "min": 0,
            "med": 0,
            "max": 0,
            "p(90)": 0,
            "p(95)": 0,
            "avg": 0
        }
    }
}