{
    "metrics": {
        "vus": {
            "value": 1,
            "min": 1,
            "max": 20
        },
        "data_received": {
            "count": 4357310,
            "rate": 39601.57380017586
        },
        "http_req_waiting": {
            "p(90)": 6.989500000000001,
            "p(95)": 10.634749999999991,
            "avg": 9.183265994881655,
            "min": 0.795,
            "med": 3.2165,
            "max": 2517.961
        },
        "data_sent": {
            "count": 13392764,
            "rate": 121720.63312785605
        },
        "http_req_blocked": {
            "p(95)": 0.009,
            "avg": 0.006274552143314331,
            "min": 0,
            "med": 0.004,
            "max": 2.541,
            "p(90)": 0.008
        },
        "http_req_connecting": {
            "max": 0.903,
            "p(90)": 0,
            "p(95)": 0,
            "avg": 0.0009542546385156749,
            "min": 0,
            "med": 0
        },
        "vus_max": {
            "max": 20,
            "value": 20,
            "min": 20
        },
        "iteration_duration": {
            "avg": 110.03399660596594,
            "min": 101.115042,
            "med": 104.2151455,
            "max": 2618.215667,
            "p(90)": 107.6146124,
            "p(95)": 111.37232859999999
        },
        "http_req_failed": {
            "passes": 0,
            "fails": 12504,
            "thresholds": {
                "rate<0.15": false
            },
            "value": 0
        },
        "http_req_duration": {
            "avg": 9.234100927703164,
            "min": 0.866,
            "med": 3.272,
            "max": 2518.008,
            "p(90)": 7.0297,
            "p(95)": 10.669799999999995,
            "thresholds": {
                "p(95)<3000": false,
                "p(99)<5000": false
            }
        },
        "http_req_tls_handshaking": {
            "avg": 0,
            "min": 0,
            "med": 0,
            "max": 0,
            "p(90)": 0,
            "p(95)": 0
        },
        "http_req_sending": {
            "min": 0.002,
            "med": 0.016,
            "max": 1.04,
            "p(90)": 0.032,
            "p(95)": 0.039,
            "avg": 0.019642114523351666
        },
        "http_reqs": {
            "rate": 113.64306849808689,
            "count": 12504
        },
        "iterations": {
            "count": 12504,
            "rate": 113.64306849808689
        },
        "http_req_receiving": {
            "min": 0.003,
            "med": 0.023,
            "max": 1.59,
            "p(90)": 0.057,
            "p(95)": 0.069,
            "avg": 0.03119281829814369
        },
        "checks": {
            "passes": 25008,
            "fails": 0,
            "value": 1
        },
        "http_req_duration{expected_response:true}": {
            "avg": 9.234100927703164,
            "min": 0.866,
            "med": 3.272,
            "max": 2518.008,
            "p(90)": 7.0297,
            "p(95)": 10.669799999999995
        }
    },
    "root_group": {
        "name": "",
        "path": "",
        "id": "d41d8cd98f00b204e9800998ecf8427e",
        "groups": {},
        "checks": {
                "status is 200": {
                    "name": "status is 200",
                    "path": "::status is 200",
                    "id": "6210a8cd14cd70477eba5c5e4cb3fb5f",
                    "passes": 12504,
                    "fails": 0
                },
                "has groups": {
                    "path": "::has groups",
                    "id": "44109811d8bac5c7b02b5b2466e9fa03",
                    "passes": 12504,
                    "fails": 0,
                    "name": "has groups"
                }
            }
    }
}