{
    "root_group": {
        "name": "",
        "path": "",
        "id": "d41d8cd98f00b204e9800998ecf8427e",
        "groups": {},
        "checks": {
                "status is 200": {
                    "passes": 12383,
                    "fails": 0,
                    "name": "status is 200",
                    "path": "::status is 200",
                    "id": "6210a8cd14cd70477eba5c5e4cb3fb5f"
                }
            }
    },
    "metrics": {
        "data_sent": {
            "count": 6997030,
            "rate": 63551.73492313534
        },
        "http_req_duration": {
            "med": 6.827,
            "max": 1550.328,
            "p(90)": 12.6416,
            "p(95)": 15.816599999999998,
            "avg": 10.402682710167136,
            "min": 3.925,
            "thresholds": {
                "p(95)<5000": false,
                "p(99)<10000": false
            }
        },
        "http_req_tls_handshaking": {
            "med": 0,
            "max": 0,
            "p(90)": 0,
            "p(95)": 0,
            "avg": 0,
            "min": 0
        },
        "iteration_duration": {
            "p(95)": 116.56517439999999,
            "avg": 111.1155552815149,
            "min": 104.209541,
            "med": 107.600875,
            "max": 1652.3975,
            "p(90)": 113.380984
        },
        "http_req_failed": {
            "passes": 0,
            "fails": 12383,
            "thresholds": {
                "rate<0.20": false
            },
            "value": 0
        },
        "iterations": {
            "count": 12383,
            "rate": 112.47073880677728
        },
        "http_reqs": {
            "count": 12383,
            "rate": 112.47073880677728
        },
        "http_req_blocked": {
            "avg": 0.006348138577081662,
            "min": 0.001,
            "med": 0.005,
            "max": 1.024,
            "p(90)": 0.008,
            "p(95)": 0.009
        },
        "vus_max": {
            "value": 20,
            "min": 20,
            "max": 20
        },
        "checks": {
            "passes": 12383,
            "fails": 0,
            "value": 1
        },
        "vus": {
            "value": 1,
            "min": 1,
            "max": 20
        },
        "http_req_duration{expected_response:true}": {
            "avg": 10.402682710167136,
            "min": 3.925,
            "med": 6.827,
            "max": 1550.328,
            "p(90)": 12.6416,
            "p(95)": 15.816599999999998
        },
        "http_req_sending": {
            "p(90)": 0.035,
            "p(95)": 0.041,
            "avg": 0.023172333037227846,
            "min": 0.004,
            "med": 0.021,
            "max": 2.479
        },
        "http_req_connecting": {
            "avg": 0.0009516272308810466,
            "min": 0,
            "med": 0,
            "max": 0.85,
            "p(90)": 0,
            "p(95)": 0
        },
        "http_req_waiting": {
            "min": 3.887,
            "med": 6.755,
            "max": 1550.236,
            "p(90)": 12.5738,
            "p(95)": 15.774299999999997,
            "avg": 10.331464104013593
        },
        "http_req_receiving": {
            "avg": 0.04804627311636852,
            "min": 0.008,
            "med": 0.045,
            "max": 0.976,
            "p(90)": 0.074,
            "p(95)": 0.086
        },
        "data_received": {
            "count": 4127420,
            "rate": 37488.005876271396
        }
    }
}