{
    "metrics": {
        "http_req_duration": {
            "med": 4.437,
            "max": 630.931,
            "p(90)": 9.4551,
            "p(95)": 13.752599999999982,
            "avg": 9.991487379421221,
            "min": 1.381,
            "thresholds": {
                "p(99)<5000": false,
                "p(95)<3000": false
            }
        },
        "http_req_duration{expected_response:true}": {
            "avg": 9.991487379421221,
            "min": 1.381,
            "med": 4.437,
            "max": 630.931,
            "p(90)": 9.4551,
            "p(95)": 13.752599999999982
        },
        "http_reqs": {
            "count": 12440,
            "rate": 113.05784481029504
        },
        "http_req_connecting": {
            "avg": 0.0010034565916398717,
            "min": 0,
            "med": 0,
            "max": 0.834,
            "p(90)": 0,
            "p(95)": 0
        },
        "http_req_receiving": {
            "p(95)": 0.065,
            "avg": 0.03290763665594807,
            "min": 0.007,
            "med": 0.03,
            "max": 1.383,
            "p(90)": 0.055
        },
        "iterations": {
            "count": 12440,
            "rate": 113.05784481029504
        },
        "vus": {
            "value": 1,
            "min": 1,
            "max": 20
        },
        "http_req_failed": {
            "passes": 0,
            "fails": 12440,
            "thresholds": {
                "rate<0.15": false
            },
            "value": 0
        },
        "http_req_blocked": {
            "p(95)": 0.008,
            "avg": 0.005703215434083947,
            "min": 0.001,
            "med": 0.004,
            "max": 0.962,
            "p(90)": 0.007
        },
        "http_req_waiting": {
            "p(90)": 9.417200000000001,
            "p(95)": 13.709199999999997,
            "avg": 9.938644372990353,
            "min": 1.356,
            "med": 4.376,
            "max": 630.828
        },
        "http_req_sending": {
            "med": 0.017,
            "max": 0.907,
            "p(90)": 0.031,
            "p(95)": 0.037,
            "avg": 0.019935369774919345,
            "min": 0.003
        },
        "checks": {
            "passes": 24880,
            "fails": 0,
            "value": 1
        },
        "vus_max": {
            "max": 20,
            "value": 20,
            "min": 20
        },
        "http_req_tls_handshaking": {
            "avg": 0,
            "min": 0,
            "med": 0,
            "max": 0,
            "p(90)": 0,
            "p(95)": 0
        },
        "data_sent": {
            "count": 11108506,
            "rate": 100956.89287960058
        },
        "data_received": {
            "count": 4253555,
            "rate": 38657.37629276965
        },
        "iteration_duration": {
            "avg": 110.60031228528949,
            "min": 101.594791,
            "med": 105.1426875,
            "max": 731.372334,
            "p(90)": 109.9339327,
            "p(95)": 114.2677806
        }
    },
    "root_group": {
        "name": "",
        "path": "",
        "id": "d41d8cd98f00b204e9800998ecf8427e",
        "groups": {},
        "checks": {
                "status is 200": {
                    "name": "status is 200",
                    "path": "::status is 200",
                    "id": "6210a8cd14cd70477eba5c5e4cb3fb5f",
                    "passes": 12440,
                    "fails": 0
                },
                "has groups": {
                    "path": "::has groups",
                    "id": "44109811d8bac5c7b02b5b2466e9fa03",
                    "passes": 12440,
                    "fails": 0,
                    "name": "has groups"
                }
            }
    }
}