{
    "metrics": {
        "vus": {
            "value": 1,
            "min": 1,
            "max": 20
        },
        "vus_max": {
            "min": 20,
            "max": 20,
            "value": 20
        },
        "http_req_waiting": {
            "avg": 11.775643821827103,
            "min": 0,
            "med": 6.781,
            "max": 3130.963,
            "p(90)": 10.199,
            "p(95)": 16.685
        },
        "iterations": {
            "rate": 108.32570308501806,
            "count": 11921
        },
        "http_req_failed": {
            "passes": 3533,
            "fails": 8388,
            "thresholds": {
                "rate<0.20": true
            },
            "value": 0.29636775438302154
        },
        "http_req_blocked": {
            "p(95)": 0.008,
            "avg": 2.229364315074493,
            "min": 0,
            "med": 0.005,
            "max": 1326.46,
            "p(90)": 0.007
        },
        "http_req_connecting": {
            "max": 1326.376,
            "p(90)": 0,
            "p(95)": 0,
            "avg": 2.2239375891284294,
            "min": 0,
            "med": 0
        },
        "http_req_tls_handshaking": {
            "p(95)": 0,
            "avg": 0,
            "min": 0,
            "med": 0,
            "max": 0,
            "p(90)": 0
        },
        "data_received": {
            "count": 2950459,
            "rate": 26810.716013633028
        },
        "http_req_duration": {
            "max": 3130.979,
            "p(90)": 10.25,
            "p(95)": 16.737,
            "avg": 11.836279422867202,
            "min": 0,
            "med": 6.85,
            "thresholds": {
                "p(95)<5000": false,
                "p(99)<10000": false
            }
        },
        "http_req_sending": {
            "avg": 0.02354718563878789,
            "min": 0,
            "med": 0.022,
            "max": 2.385,
            "p(90)": 0.031,
            "p(95)": 0.037
        },
        "http_reqs": {
            "count": 11921,
            "rate": 108.32570308501806
        },
        "http_req_duration{expected_response:true}": {
            "p(90)": 13.250900000000001,
            "p(95)": 19.18479999999999,
            "avg": 9.080849904625618,
            "min": 5.103,
            "med": 7.729,
            "max": 795.018
        },
        "http_req_receiving": {
            "avg": 0.037088415401391926,
            "min": 0,
            "med": 0.038,
            "max": 1.767,
            "p(90)": 0.057,
            "p(95)": 0.071
        },
        "checks": {
            "passes": 8388,
            "fails": 3533,
            "value": 0.7036322456169785
        },
        "data_sent": {
            "count": 6709124,
            "rate": 60965.57120917446
        },
        "iteration_duration": {
            "p(95)": 118.67475,
            "avg": 115.40589646824948,
            "min": 100.548083,
            "med": 107.747625,
            "max": 3235.22825,
            "p(90)": 111.577958
        }
    },
    "root_group": {
        "path": "",
        "id": "d41d8cd98f00b204e9800998ecf8427e",
        "groups": {},
        "checks": {
                "status is 200": {
                    "name": "status is 200",
                    "path": "::status is 200",
                    "id": "6210a8cd14cd70477eba5c5e4cb3fb5f",
                    "passes": 8388,
                    "fails": 3533
                }
            },
        "name": ""
    }
}