{
    "root_group": {
        "name": "",
        "path": "",
        "id": "d41d8cd98f00b204e9800998ecf8427e",
        "groups": {},
        "checks": {
                "status is 200": {
                    "passes": 5212,
                    "fails": 0,
                    "name": "status is 200",
                    "path": "::status is 200",
                    "id": "6210a8cd14cd70477eba5c5e4cb3fb5f"
                }
            }
    },
    "metrics": {
        "http_req_connecting": {
            "avg": 0.0025579432079815808,
            "min": 0,
            "med": 0,
            "max": 0.858,
            "p(90)": 0,
            "p(95)": 0
        },
        "http_req_sending": {
            "p(90)": 0.037,
            "p(95)": 0.04,
            "avg": 0.028132962394474617,
            "min": 0.006,
            "med": 0.027,
            "max": 0.811
        },
        "data_sent": {
            "count": 1396478,
            "rate": 12691.03443038732
        },
        "iteration_duration": {
            "max": 494.071292,
            "p(90)": 375.3270125,
            "p(95)": 387.55625159999994,
            "avg": 264.19586335168805,
            "min": 120.211667,
            "med": 274.9339165
        },
        "http_req_duration{expected_response:true}": {
            "max": 393.403,
            "p(90)": 274.3448,
            "p(95)": 286.7417,
            "avg": 163.32547659247896,
            "min": 19.512,
            "med": 173.96699999999998
        },
        "http_req_blocked": {
            "med": 0.006,
            "max": 1.012,
            "p(90)": 0.008,
            "p(95)": 0.009,
            "avg": 0.009121450498849128,
            "min": 0.002
        },
        "vus_max": {
            "value": 20,
            "min": 20,
            "max": 20
        },
        "http_req_duration": {
            "min": 19.512,
            "med": 173.96699999999998,
            "max": 393.403,
            "p(90)": 274.3448,
            "p(95)": 286.7417,
            "avg": 163.32547659247896,
            "thresholds": {
                "p(95)<5000": false,
                "p(99)<10000": false
            }
        },
        "iterations": {
            "count": 5212,
            "rate": 47.36606767251522
        },
        "http_reqs": {
            "count": 5212,
            "rate": 47.36606767251522
        },
        "http_req_waiting": {
            "avg": 163.24131868764408,
            "min": 19.431,
            "med": 173.885,
            "max": 393.297,
            "p(90)": 274.2668,
            "p(95)": 286.6479
        },
        "http_req_failed": {
            "passes": 0,
            "fails": 5212,
            "thresholds": {
                "rate<0.20": false
            },
            "value": 0
        },
        "http_req_tls_handshaking": {
            "max": 0,
            "p(90)": 0,
            "p(95)": 0,
            "avg": 0,
            "min": 0,
            "med": 0
        },
        "http_req_receiving": {
            "p(95)": 0.085,
            "avg": 0.05602494244052183,
            "min": 0.015,
            "med": 0.052,
            "max": 2.066,
            "p(90)": 0.075
        },
        "checks": {
            "fails": 0,
            "passes": 5212,
            "value": 1
        },
        "data_received": {
            "count": 2196386,
            "rate": 19960.508041244248
        },
        "vus": {
            "value": 1,
            "min": 1,
            "max": 20
        }
    }
}