{
    "root_group": {
        "name": "",
        "path": "",
        "id": "d41d8cd98f00b204e9800998ecf8427e",
        "groups": {},
        "checks": {
                "status is 200": {
                    "path": "::status is 200",
                    "id": "6210a8cd14cd70477eba5c5e4cb3fb5f",
                    "passes": 12623,
                    "fails": 0,
                    "name": "status is 200"
                },
                "has wordCount": {
                    "name": "has wordCount",
                    "path": "::has wordCount",
                    "id": "4b16af39d7e00cf9c89cbec85addacf3",
                    "passes": 12623,
                    "fails": 0
                }
            }
    },
    "metrics": {
        "http_reqs": {
            "count": 12623,
            "rate": 114.7016450558457
        },
        "http_req_failed": {
            "passes": 0,
            "fails": 12623,
            "thresholds": {
                "rate<0.15": false
            },
            "value": 0
        },
        "http_req_connecting": {
            "max": 0.867,
            "p(90)": 0,
            "p(95)": 0,
            "avg": 0.0011093242493860414,
            "min": 0,
            "med": 0
        },
        "http_req_waiting": {
            "avg": 8.458722807573535,
            "min": 1.244,
            "med": 4.1,
            "max": 867.518,
            "p(90)": 8.3778,
            "p(95)": 12.348399999999986
        },
        "http_req_blocked": {
            "med": 0.005,
            "max": 1.011,
            "p(90)": 0.007,
            "p(95)": 0.009,
            "avg": 0.006124930682088395,
            "min": 0.001
        },
        "http_req_duration": {
            "med": 4.159,
            "max": 867.588,
            "p(90)": 8.431400000000002,
            "p(95)": 12.37409999999999,
            "avg": 8.514385882912126,
            "min": 1.28,
            "thresholds": {
                "p(99)<5000": false,
                "p(95)<3000": false
            }
        },
        "data_received": {
            "count": 5311256,
            "rate": 48261.88707222774
        },
        "http_req_tls_handshaking": {
            "avg": 0,
            "min": 0,
            "med": 0,
            "max": 0,
            "p(90)": 0,
            "p(95)": 0
        },
        "vus": {
            "value": 1,
            "min": 1,
            "max": 20
        },
        "vus_max": {
            "value": 20,
            "min": 20,
            "max": 20
        },
        "iteration_duration": {
            "avg": 109.00514355375103,
            "min": 101.629584,
            "med": 104.73975,
            "max": 967.90775,
            "p(90)": 108.820392,
            "p(95)": 112.7783211
        },
        "data_sent": {
            "count": 3833512,
            "rate": 34834.04362998694
        },
        "http_req_receiving": {
            "avg": 0.034332646755921285,
            "min": 0.008,
            "med": 0.035,
            "max": 1.951,
            "p(90)": 0.055,
            "p(95)": 0.065
        },
        "iterations": {
            "count": 12623,
            "rate": 114.7016450558457
        },
        "http_req_duration{expected_response:true}": {
            "med": 4.159,
            "max": 867.588,
            "p(90)": 8.431400000000002,
            "p(95)": 12.37409999999999,
            "avg": 8.514385882912126,
            "min": 1.28
        },
        "checks": {
            "passes": 25246,
            "fails": 0,
            "value": 1
        },
        "http_req_sending": {
            "min": 0.002,
            "med": 0.021,
            "max": 1.809,
            "p(90)": 0.033,
            "p(95)": 0.038,
            "avg": 0.021330428582744924
        }
    }
}