{
    "root_group": {
        "groups": {},
        "checks": {
                "status is 200": {
                    "path": "::status is 200",
                    "id": "6210a8cd14cd70477eba5c5e4cb3fb5f",
                    "passes": 13203,
                    "fails": 0,
                    "name": "status is 200"
                },
                "has wordCount": {
                    "name": "has wordCount",
                    "path": "::has wordCount",
                    "id": "4b16af39d7e00cf9c89cbec85addacf3",
                    "passes": 13203,
                    "fails": 0
                }
            },
        "name": "",
        "path": "",
        "id": "d41d8cd98f00b204e9800998ecf8427e"
    },
    "metrics": {
        "checks": {
            "passes": 26406,
            "fails": 0,
            "value": 1
        },
        "http_req_blocked": {
            "p(95)": 0.009,
            "avg": 0.0062060137847460084,
            "min": 0,
            "med": 0.004,
            "max": 1.038,
            "p(90)": 0.008
        },
        "iterations": {
            "count": 13203,
            "rate": 119.9910299820804
        },
        "http_reqs": {
            "count": 13203,
            "rate": 119.9910299820804
        },
        "http_req_sending": {
            "avg": 0.02047125653260518,
            "min": 0.002,
            "med": 0.017,
            "max": 1.867,
            "p(90)": 0.033,
            "p(95)": 0.041
        },
        "data_received": {
            "count": 5566755,
            "rate": 50591.58267877725
        },
        "vus": {
            "value": 1,
            "min": 1,
            "max": 20
        },
        "http_req_duration{expected_response:true}": {
            "p(90)": 4.721,
            "p(95)": 6.06,
            "avg": 3.548386124365666,
            "min": 0.875,
            "med": 3.165,
            "max": 62.609
        },
        "http_req_failed": {
            "passes": 0,
            "fails": 13203,
            "thresholds": {
                "rate<0.15": false
            },
            "value": 0
        },
        "http_req_connecting": {
            "p(95)": 0,
            "avg": 0.0008479133530258274,
            "min": 0,
            "med": 0,
            "max": 0.906,
            "p(90)": 0
        },
        "iteration_duration": {
            "max": 163.630959,
            "p(90)": 105.26757500000001,
            "p(95)": 106.7230163,
            "avg": 104.20790700068241,
            "min": 101.159291,
            "med": 103.848458
        },
        "http_req_duration": {
            "p(90)": 4.721,
            "p(95)": 6.06,
            "avg": 3.548386124365666,
            "min": 0.875,
            "med": 3.165,
            "max": 62.609,
            "thresholds": {
                "p(95)<3000": false,
                "p(99)<5000": false
            }
        },
        "http_req_tls_handshaking": {
            "p(95)": 0,
            "avg": 0,
            "min": 0,
            "med": 0,
            "max": 0,
            "p(90)": 0
        },
        "http_req_receiving": {
            "avg": 0.034396576535635055,
            "min": 0.004,
            "med": 0.025,
            "max": 1.805,
            "p(90)": 0.061,
            "p(95)": 0.073
        },
        "data_sent": {
            "count": 4855094,
            "rate": 44123.89076117691
        },
        "http_req_waiting": {
            "min": 0.844,
            "med": 3.109,
            "max": 62.569,
            "p(90)": 4.665800000000001,
            "p(95)": 6.021,
            "avg": 3.493518291297426
        },
        "vus_max": {
            "value": 20,
            "min": 20,
            "max": 20
        }
    }
}