{
    "root_group": {
        "path": "",
        "id": "d41d8cd98f00b204e9800998ecf8427e",
        "groups": {},
        "checks": {
                "status is 200": {
                    "path": "::status is 200",
                    "id": "6210a8cd14cd70477eba5c5e4cb3fb5f",
                    "passes": 5016,
                    "fails": 0,
                    "name": "status is 200"
                }
            },
        "name": ""
    },
    "metrics": {
        "http_req_duration{expected_response:true}": {
            "p(95)": 328.1015,
            "avg": 173.72103987240868,
            "min": 19.984,
            "med": 167.1005,
            "max": 1413.068,
            "p(90)": 297.9035
        },
        "http_req_tls_handshaking": {
            "med": 0,
            "max": 0,
            "p(90)": 0,
            "p(95)": 0,
            "avg": 0,
            "min": 0
        },
        "vus": {
            "value": 1,
            "min": 1,
            "max": 20
        },
        "http_reqs": {
            "count": 5016,
            "rate": 45.58212393414187
        },
        "vus_max": {
            "max": 20,
            "value": 20,
            "min": 20
        },
        "checks": {
            "passes": 5016,
            "fails": 0,
            "value": 1
        },
        "iteration_duration": {
            "med": 268.047354,
            "max": 1514.353167,
            "p(90)": 398.44752050000005,
            "p(95)": 428.85108375,
            "avg": 274.5623696351672,
            "min": 120.460708
        },
        "http_req_receiving": {
            "avg": 0.05403329346092487,
            "min": 0.015,
            "med": 0.05,
            "max": 1.916,
            "p(90)": 0.072,
            "p(95)": 0.084
        },
        "data_received": {
            "count": 2113873,
            "rate": 19209.4938331412
        },
        "iterations": {
            "count": 5016,
            "rate": 45.58212393414187
        },
        "http_req_blocked": {
            "avg": 0.008066586921850163,
            "min": 0.001,
            "med": 0.005,
            "max": 0.953,
            "p(90)": 0.008,
            "p(95)": 0.009
        },
        "http_req_failed": {
            "passes": 0,
            "fails": 5016,
            "thresholds": {
                "rate<0.20": false
            },
            "value": 0
        },
        "http_req_sending": {
            "max": 1.331,
            "p(90)": 0.035,
            "p(95)": 0.04,
            "avg": 0.024213516746411985,
            "min": 0.007,
            "med": 0.021
        },
        "http_req_duration": {
            "max": 1413.068,
            "p(90)": 297.9035,
            "p(95)": 328.1015,
            "avg": 173.72103987240868,
            "min": 19.984,
            "med": 167.1005,
            "thresholds": {
                "p(95)<5000": false,
                "p(99)<10000": false
            }
        },
        "http_req_connecting": {
            "max": 0.843,
            "p(90)": 0,
            "p(95)": 0,
            "avg": 0.002359848484848485,
            "min": 0,
            "med": 0
        },
        "data_sent": {
            "count": 1344528,
            "rate": 12218.190177217683
        },
        "http_req_waiting": {
            "avg": 173.64279306220047,
            "min": 19.894,
            "med": 167.035,
            "max": 1413.004,
            "p(90)": 297.8345,
            "p(95)": 328.03725
        }
    }
}