{
    "metrics": {
        "http_req_waiting": {
            "p(95)": 110.24459999999999,
            "avg": 40.41410439617022,
            "min": 0.732,
            "med": 42.577,
            "max": 226.903,
            "p(90)": 87.2124
        },
        "checks": {
            "passes": 19426,
            "fails": 0,
            "value": 1
        },
        "http_req_blocked": {
            "avg": 0.007940903943169191,
            "min": 0,
            "med": 0.006,
            "max": 2.686,
            "p(90)": 0.009,
            "p(95)": 0.01
        },
        "http_req_sending": {
            "min": 0.002,
            "med": 0.024,
            "max": 2.609,
            "p(90)": 0.037,
            "p(95)": 0.042,
            "avg": 0.025193863893749925
        },
        "http_reqs": {
            "rate": 88.29422636027083,
            "count": 9713
        },
        "http_req_connecting": {
            "p(90)": 0,
            "p(95)": 0,
            "avg": 0.0015925048903531352,
            "min": 0,
            "med": 0,
            "max": 2.535
        },
        "data_sent": {
            "rate": 32957.4176117738,
            "count": 3625553
        },
        "http_req_receiving": {
            "med": 0.046,
            "max": 0.97,
            "p(90)": 0.074,
            "p(95)": 0.082,
            "avg": 0.04549727169772447,
            "min": 0.005
        },
        "iterations": {
            "count": 9713,
            "rate": 88.29422636027083
        },
        "http_req_duration{expected_response:true}": {
            "max": 227.006,
            "p(90)": 87.2604,
            "p(95)": 110.325,
            "avg": 40.484795531761606,
            "min": 0.755,
            "med": 42.639
        },
        "data_received": {
            "count": 4096883,
            "rate": 37241.955623756345
        },
        "http_req_duration": {
            "med": 42.639,
            "max": 227.006,
            "p(90)": 87.2604,
            "p(95)": 110.325,
            "avg": 40.484795531761606,
            "min": 0.755,
            "thresholds": {
                "p(95)<3000": false,
                "p(99)<5000": false
            }
        },
        "iteration_duration": {
            "p(90)": 188.4223498,
            "p(95)": 211.8612916,
            "avg": 141.6437142283537,
            "min": 100.871875,
            "med": 143.828209,
            "max": 328.57675
        },
        "vus": {
            "value": 1,
            "min": 1,
            "max": 20
        },
        "vus_max": {
            "min": 20,
            "max": 20,
            "value": 20
        },
        "http_req_tls_handshaking": {
            "med": 0,
            "max": 0,
            "p(90)": 0,
            "p(95)": 0,
            "avg": 0,
            "min": 0
        },
        "http_req_failed": {
            "passes": 0,
            "fails": 9713,
            "thresholds": {
                "rate<0.15": false
            },
            "value": 0
        }
    },
    "root_group": {
        "name": "",
        "path": "",
        "id": "d41d8cd98f00b204e9800998ecf8427e",
        "groups": {},
        "checks": {
                "status is 200": {
                    "name": "status is 200",
                    "path": "::status is 200",
                    "id": "6210a8cd14cd70477eba5c5e4cb3fb5f",
                    "passes": 9713,
                    "fails": 0
                },
                "has wordCount": {
                    "name": "has wordCount",
                    "path": "::has wordCount",
                    "id": "4b16af39d7e00cf9c89cbec85addacf3",
                    "passes": 9713,
                    "fails": 0
                }
            }
    }
}