{
    "metrics": {
        "iteration_duration": {
            "avg": 108.27160867458859,
            "min": 101.615416,
            "med": 104.786791,
            "max": 578.7505,
            "p(90)": 109.060275,
            "p(95)": 112.8245751
        },
        "data_received": {
            "count": 5346791,
            "rate": 48585.89173753303
        },
        "vus_max": {
            "value": 20,
            "min": 20,
            "max": 20
        },
        "checks": {
            "passes": 25414,
            "fails": 0,
            "value": 1
        },
        "http_req_blocked": {
            "min": 0,
            "med": 0.005,
            "max": 1.691,
            "p(90)": 0.007,
            "p(95)": 0.008,
            "avg": 0.005954985441095627
        },
        "http_reqs": {
            "count": 12707,
            "rate": 115.46756293800004
        },
        "data_sent": {
            "count": 3856703,
            "rate": 35045.57302161593
        },
        "http_req_tls_handshaking": {
            "min": 0,
            "med": 0,
            "max": 0,
            "p(90)": 0,
            "p(95)": 0,
            "avg": 0
        },
        "http_req_connecting": {
            "p(90)": 0,
            "p(95)": 0,
            "avg": 0.0011159990556386245,
            "min": 0,
            "med": 0,
            "max": 0.935
        },
        "http_req_waiting": {
            "p(95)": 12.355999999999995,
            "avg": 7.722304320453283,
            "min": 1.289,
            "med": 4.136,
            "max": 477.667,
            "p(90)": 8.652800000000003
        },
        "http_req_receiving": {
            "med": 0.03,
            "max": 0.765,
            "p(90)": 0.054,
            "p(95)": 0.063,
            "avg": 0.03247021326827671,
            "min": 0.008
        },
        "iterations": {
            "count": 12707,
            "rate": 115.46756293800004
        },
        "vus": {
            "min": 1,
            "max": 20,
            "value": 1
        },
        "http_req_failed": {
            "passes": 0,
            "fails": 12707,
            "thresholds": {
                "rate<0.15": false
            },
            "value": 0
        },
        "http_req_duration{expected_response:true}": {
            "p(95)": 12.400999999999994,
            "avg": 7.774735972298714,
            "min": 1.332,
            "med": 4.192,
            "max": 477.784,
            "p(90)": 8.703200000000002
        },
        "http_req_duration": {
            "max": 477.784,
            "p(90)": 8.703200000000002,
            "p(95)": 12.400999999999994,
            "avg": 7.774735972298714,
            "min": 1.332,
            "med": 4.192,
            "thresholds": {
                "p(95)<3000": false,
                "p(99)<5000": false
            }
        },
        "http_req_sending": {
            "max": 1.606,
            "p(90)": 0.031,
            "p(95)": 0.036,
            "avg": 0.01996143857716134,
            "min": 0.003,
            "med": 0.018
        }
    },
    "root_group": {
        "name": "",
        "path": "",
        "id": "d41d8cd98f00b204e9800998ecf8427e",
        "groups": {},
        "checks": {
                "status is 200": {
                    "path": "::status is 200",
                    "id": "6210a8cd14cd70477eba5c5e4cb3fb5f",
                    "passes": 12707,
                    "fails": 0,
                    "name": "status is 200"
                },
                "has wordCount": {
                    "passes": 12707,
                    "fails": 0,
                    "name": "has wordCount",
                    "path": "::has wordCount",
                    "id": "4b16af39d7e00cf9c89cbec85addacf3"
                }
            }
    }
}