{
    "root_group": {
        "id": "d41d8cd98f00b204e9800998ecf8427e",
        "groups": {},
        "checks": {
                "status is 200": {
                    "name": "status is 200",
                    "path": "::status is 200",
                    "id": "6210a8cd14cd70477eba5c5e4cb3fb5f",
                    "passes": 12793,
                    "fails": 0
                },
                "has wordCount": {
                    "name": "has wordCount",
                    "path": "::has wordCount",
                    "id": "4b16af39d7e00cf9c89cbec85addacf3",
                    "passes": 12793,
                    "fails": 0
                }
            },
        "name": "",
        "path": ""
    },
    "metrics": {
        "http_req_tls_handshaking": {
            "p(95)": 0,
            "avg": 0,
            "min": 0,
            "med": 0,
            "max": 0,
            "p(90)": 0
        },
        "http_req_duration{expected_response:true}": {
            "p(95)": 14.639199999999988,
            "avg": 7.0238796998358435,
            "min": 1.088,
            "med": 3.909,
            "max": 798.639,
            "p(90)": 9.645400000000002
        },
        "http_req_blocked": {
            "med": 0.004,
            "max": 1.234,
            "p(90)": 0.008,
            "p(95)": 0.01,
            "avg": 0.006145157508012273,
            "min": 0
        },
        "http_req_sending": {
            "med": 0.017,
            "max": 1.437,
            "p(90)": 0.034,
            "p(95)": 0.041,
            "avg": 0.02051207691706304,
            "min": 0.002
        },
        "http_req_failed": {
            "passes": 0,
            "fails": 12793,
            "thresholds": {
                "rate<0.15": false
            },
            "value": 0
        },
        "http_req_duration": {
            "min": 1.088,
            "med": 3.909,
            "max": 798.639,
            "p(90)": 9.645400000000002,
            "p(95)": 14.639199999999988,
            "avg": 7.0238796998358435,
            "thresholds": {
                "p(95)<3000": false,
                "p(99)<5000": false
            }
        },
        "checks": {
            "passes": 25586,
            "fails": 0,
            "value": 1
        },
        "data_sent": {
            "count": 3883381,
            "rate": 35300.41239708117
        },
        "vus": {
            "value": 1,
            "min": 1,
            "max": 20
        },
        "data_received": {
            "count": 5383889,
            "rate": 48940.215240304504
        },
        "http_req_waiting": {
            "min": 1.045,
            "med": 3.847,
            "max": 798.545,
            "p(90)": 9.596200000000001,
            "p(95)": 14.574199999999978,
            "avg": 6.96576573125926
        },
        "iteration_duration": {
            "avg": 107.55243885710966,
            "min": 101.269709,
            "med": 104.551584,
            "max": 899.100292,
            "p(90)": 110.1479916,
            "p(95)": 115.3158838
        },
        "http_req_receiving": {
            "max": 2.492,
            "p(90)": 0.066,
            "p(95)": 0.078,
            "avg": 0.037601891659500536,
            "min": 0.005,
            "med": 0.03
        },
        "iterations": {
            "count": 12793,
            "rate": 116.28994831973978
        },
        "vus_max": {
            "value": 20,
            "min": 20,
            "max": 20
        },
        "http_req_connecting": {
            "p(95)": 0,
            "avg": 0.0008768076291722035,
            "min": 0,
            "med": 0,
            "max": 0.829,
            "p(90)": 0
        },
        "http_reqs": {
            "count": 12793,
            "rate": 116.28994831973978
        }
    }
}