{
    "root_group": {
        "name": "",
        "path": "",
        "id": "d41d8cd98f00b204e9800998ecf8427e",
        "groups": {},
        "checks": {
                "status is 200": {
                    "fails": 0,
                    "name": "status is 200",
                    "path": "::status is 200",
                    "id": "6210a8cd14cd70477eba5c5e4cb3fb5f",
                    "passes": 6370
                }
            }
    },
    "metrics": {
        "http_req_blocked": {
            "min": 0.001,
            "med": 0.006,
            "max": 1.889,
            "p(90)": 0.01,
            "p(95)": 0.011,
            "avg": 0.00936593406593426
        },
        "vus_max": {
            "value": 20,
            "min": 20,
            "max": 20
        },
        "http_req_failed": {
            "passes": 0,
            "fails": 6370,
            "thresholds": {
                "rate<0.20": false
            },
            "value": 0
        },
        "http_req_tls_handshaking": {
            "p(95)": 0,
            "avg": 0,
            "min": 0,
            "med": 0,
            "max": 0,
            "p(90)": 0
        },
        "iterations": {
            "count": 6370,
            "rate": 57.88964209442508
        },
        "http_req_sending": {
            "avg": 0.029320251177393928,
            "min": 0.008,
            "med": 0.026,
            "max": 1.233,
            "p(90)": 0.042,
            "p(95)": 0.045
        },
        "iteration_duration": {
            "p(95)": 323.936892,
            "avg": 216.08406933799114,
            "min": 115.75275,
            "med": 219.79652049999999,
            "max": 458.369917,
            "p(90)": 304.9276798
        },
        "http_req_connecting": {
            "min": 0,
            "med": 0,
            "max": 1.075,
            "p(90)": 0,
            "p(95)": 0,
            "avg": 0.001886656200941915
        },
        "http_req_waiting": {
            "med": 118.544,
            "max": 357.131,
            "p(90)": 203.7751,
            "p(95)": 222.76125,
            "avg": 115.08504678179017,
            "min": 15.142
        },
        "http_req_duration": {
            "min": 15.218,
            "med": 118.6265,
            "max": 357.195,
            "p(90)": 203.8812,
            "p(95)": 222.84205,
            "avg": 115.17736734693895,
            "thresholds": {
                "p(95)<5000": false,
                "p(99)<10000": false
            }
        },
        "http_reqs": {
            "count": 6370,
            "rate": 57.88964209442508
        },
        "vus": {
            "max": 20,
            "value": 1,
            "min": 1
        },
        "http_req_receiving": {
            "med": 0.061,
            "max": 0.949,
            "p(90)": 0.09,
            "p(95)": 0.102,
            "avg": 0.06300031397174241,
            "min": 0.016
        },
        "data_sent": {
            "count": 1707866,
            "rate": 15520.840107572587
        },
        "checks": {
            "fails": 0,
            "passes": 6370,
            "value": 1
        },
        "data_received": {
            "count": 2684504,
            "rate": 24396.38551978846
        },
        "http_req_duration{expected_response:true}": {
            "min": 15.218,
            "med": 118.6265,
            "max": 357.195,
            "p(90)": 203.8812,
            "p(95)": 222.84205,
            "avg": 115.17736734693895
        }
    }
}